Job ID,Job URL,Job Title,Company Name,Status,Timestamp,WP ID
170f168e59603d2c,https://cl.linkedin.com/jobs/view/staff-full-time-6x1-cin%C3%A9polis-los-trapenses-at-cine-hoyts-4433712555,Staff Full time 6x1 - Cinépolis Los Trapenses,Cinépolis Chile,posted,2026-07-07T00:07:19.311126,18
082b259ae2202224,https://cl.linkedin.com/jobs/view/apoyo-para-temporada-de-empanadas-at-san-camilo-panader%C3%ADa-y-pasteler%C3%ADa-4436001130,Apoyo para temporada de Empanadas,,scraped,2026-07-07T00:07:21.918111,
28a9a00e1327b8cc,https://cl.linkedin.com/jobs/view/reponedor-de-bodega-at-parfums-d-parfums-4436797230,Reponedor de Bodega,Parfums D Parfums,posted,2026-07-07T00:07:40.441990,20
fae303f2a00eef53,https://cl.linkedin.com/jobs/view/auxiliar-de-mantenci%C3%B3n-%E2%80%93-42-horas-%E2%80%93-cin%C3%A9polis-maip%C3%BA-at-cine-hoyts-4433729099,Auxiliar de Mantención – 42 Horas – Cinépolis Maipú,Cinépolis Chile,posted,2026-07-07T00:07:51.307227,22
69949a1ea8987d5f,https://cl.linkedin.com/jobs/view/puestos-vacantes-programa-j%C3%B3venes-profesionales-2027-20345-at-grupo-antofagasta-minerals-4425670567,Puestos vacantes: Programa Jóvenes Profesionales 2027 (20345),,scraped,2026-07-07T00:07:53.937539,
ea433e2e667198ea,https://cl.linkedin.com/jobs/view/supervisor-de-operaci%C3%B3n-%E2%80%93-42-horas-%E2%80%93-cin%C3%A9polis-maip%C3%BA-at-cine-hoyts-4433733303,Supervisor de Operación – 42 Horas – Cinépolis Maipú,Cinépolis Chile,posted,2026-07-07T00:08:09.011247,24
0b422b17308b983f,https://cl.linkedin.com/jobs/view/conserje-ma%C3%B1ana-at-agency-network-4435892695,Conserje Mañana,,scraped,2026-07-07T00:08:11.540663,
cb95f8910f9e6ad7,https://cl.linkedin.com/jobs/view/conductor-a4-aljibe-parada-de-planta-segunda-region-at-minera-group-4435897590,CONDUCTOR A4 ALJIBE - PARADA DE PLANTA SEGUNDA REGION,,scraped,2026-07-07T00:09:22.389308,
5c4958d1f1b86922,https://cl.linkedin.com/jobs/view/asistente-contabilidad-digitador-at-constructora-3l-4437460189,asistente contabilidad digitador,Constructora 3L,posted,2026-07-07T00:09:38.890772,26
8ed5b77f5a24bfd7,https://cl.linkedin.com/jobs/view/bodeguero-a-collahuasi-at-fluitek-4436957863,Bodeguero(a) Collahuasi,Fluitek,posted,2026-07-07T00:09:51.444740,28
bdb26579e458ccd2,https://cl.linkedin.com/jobs/view/auxiliar-de-aseo-concepci%C3%B3n-at-ec-4435896621,AUXILIAR DE ASEO - CONCEPCIÓN,,scraped,2026-07-07T00:09:54.016091,
97a9db29e6b2b2a6,https://cl.linkedin.com/jobs/view/asesora-del-hogar-cuidado-de-ni%C3%B1os-at-albin-trotter-industrial-limitada-4436411273,asesora del hogar cuidado de niños,,scraped,2026-07-07T00:10:02.124941,
5aa6029592615719,https://cl.linkedin.com/jobs/view/cargador-a-de-tiros-para-regi%C3%B3n-de-antofagasta-at-enaex-4435483047,Cargador/a de tiros para región de Antofagasta,,scraped,2026-07-07T00:10:13.677768,
01cf06a3ca093bcd,https://cl.linkedin.com/jobs/view/mucamas-at-accor-4436019550,Mucamas,Accor,posted,2026-07-07T00:12:38.895375,30
fd2b87a598e4289d,https://cl.linkedin.com/jobs/view/asistente-de-%C3%A1rea-at-tectramin-4433122358,ASISTENTE DE ÁREA,,scraped,2026-07-07T00:12:41.446671,
13b3e22ed081c101,https://cl.linkedin.com/jobs/view/patrulleros-rancagua-y-alrrededor-%24700-000-at-seguridad-en-la-empresa-4436788579,PATRULLEROS RANCAGUA Y ALRREDEDOR $700.000,Seguridad en la empresa,posted,2026-07-07T00:13:01.821550,32
522612362dbaebe5,https://cl.linkedin.com/jobs/view/copero-full-time-at-squella-restaurant-4437469073,Copero full time,Squella Restaurant,posted,2026-07-07T00:13:10.417535,34
7d43ea2cf4d56923,https://cl.linkedin.com/jobs/view/conductor-at-nortrans-4436924184,CONDUCTOR,,scraped,2026-07-07T00:13:12.988942,
3193c67440f80e42,https://cl.linkedin.com/jobs/view/maestro-de-mantenci%C3%B3n-general-trabajo-diario-at-truck-center-equipamentos-4436789521,"Maestro de Mantención General ""Trabajo diario""",,scraped,2026-07-07T00:13:23.033079,
7a7639730a71754b,https://cl.linkedin.com/jobs/view/perito-liquidador-at-estudio-vivanco-4433953623,Perito liquidador,Estudio Vivanco,posted,2026-07-07T00:13:36.088169,36
7bdadb078b776c17,https://cl.linkedin.com/jobs/view/ingeniero-a-de-innovaci%C3%B3n-y-nuevos-negocios-at-copec-s-a-4427850425,Ingeniero/a de Innovación y Nuevos Negocios,,scraped,2026-07-07T00:13:43.009943,
128322dac3997e04,https://cl.linkedin.com/jobs/view/puestos-vacantes-operadora-or-planta-concentradora-20458-at-grupo-antofagasta-minerals-4436397810,Puestos vacantes: Operadora(or) Planta Concentradora (20458),,scraped,2026-07-07T00:13:50.563497,
efad9145f1fe547c,https://cl.linkedin.com/jobs/view/analista-de-contabilidad-at-copec-flux-4433195836,Analista de Contabilidad,,scraped,2026-07-07T00:13:57.439497,
543299d9d14c0096,https://cl.linkedin.com/jobs/view/auxiliar-de-farmacias-at-ecofarmacias-4436785745,Auxiliar de Farmacias,EcoFarmacias,posted,2026-07-07T00:14:11.102168,38
c13ed67491bb36b2,https://cl.linkedin.com/jobs/view/jefe-a-de-calidad-at-santiago-agrisupply-spa-4436780931,JEFE/A DE CALIDAD,Santiago Agrisupply Spa,posted,2026-07-07T00:14:23.853573,40
7d920f7b8b7a841b,https://cl.linkedin.com/jobs/view/inicio-de-servicio-%24780-000-guardia-seguridad-patrullero-7x7-fijo-d%C3%ADa-y-fijo-noche-os10-vigente-at-iseg-chile-4435558826,Inicio de Servicio $780.000/Guardia Seguridad  Patrullero 7x7 Fijo Día y Fijo Noche/OS10 Vigente,,scraped,2026-07-07T00:14:26.444425,
46f4fe7f7c399d68,https://cl.linkedin.com/jobs/view/jefe-de-planificaci%C3%B3n-y-control-de-gesti%C3%B3n-at-uno-salud-dental-4436912225,Jefe de Planificación y Control de Gestión,Uno Salud Dental,posted,2026-07-07T00:14:44.050841,42
1e00367dba1c44dc,https://cl.linkedin.com/jobs/view/ayudante-de-ec%C3%B3nomo-bodega-de-casino-%E2%80%93-regi%C3%B3n-metropolitana-at-giser-s-a-4436100338,Ayudante de Ecónomo (Bodega de Casino) – Región Metropolitana,giser s.a.,posted,2026-07-07T00:14:53.177515,44
2975f9e2e7a67cdd,https://cl.linkedin.com/jobs/view/maestro-primera-de-obras-civiles-y-2da-at-ingesat-simm-4436977059,Maestro Primera de Obras Civiles y 2da,,scraped,2026-07-07T00:15:02.289020,
fcd99b9844c013e8,https://cl.linkedin.com/jobs/view/asistente-de-garant%C3%ADas-sucursal-vespucio-maip%C3%BA-at-salfa-rent-4434990128,Asistente de Garantías - Sucursal Vespucio (Maipú),Salfa Rent,posted,2026-07-07T00:15:19.863936,46
f1afeb4b6caf9cb1,https://cl.linkedin.com/jobs/view/coordinador-log%C3%ADstico-at-explora-4435885813,Coordinador Logístico,,scraped,2026-07-07T00:15:22.483982,
1edbe59611ffbf8b,https://cl.linkedin.com/jobs/view/asistente-de-adquisiciones-at-insac-4436786667,Asistente de Adquisiciones,,scraped,2026-07-07T00:16:32.504944,
497bcea7477d4f9c,https://cl.linkedin.com/jobs/view/ayudante-del-operador-de-juegos-part-time-fines-de-semana-y-festivos-at-fantasilandia-4436976143,Ayudante del Operador de Juegos Part Time Fines de Semana y Festivos,,scraped,2026-07-07T00:17:42.213279,
9cfcc85c023a0932,https://cl.linkedin.com/jobs/view/ejecutivos-as-de-atenci%C3%B3n-al-cliente-%E2%80%93-plataforma-de-pago-electr%C3%B3nico-18-hrs-we-at-cgs-cgs-digital-4436401676,Ejecutivos/as de Atención al Cliente – Plataforma de Pago Electrónico (18 hrs We,,scraped,2026-07-07T00:17:48.957087,
978a3c0e43406114,https://cl.linkedin.com/jobs/view/inspector-de-gesti%C3%B3n-de-equipos-at-techint-engineering-construction-4433967538,Inspector de Gestión de Equipos.,,scraped,2026-07-07T00:17:55.466199,
1b3250dfadd8567e,https://cl.linkedin.com/jobs/view/planificadora-or-at-equans-4435707736,PLANIFICADORA/OR,,scraped,2026-07-07T00:19:06.529445,
7a4ccf7083391129,https://cl.linkedin.com/jobs/view/research-analyst-at-trc-recruitme-4436966349,Research Analyst,,scraped,2026-07-07T00:20:16.808453,
4f11b58058775b35,https://cl.linkedin.com/jobs/view/guardia-seguridad-illapel-4x4-at-liderman-4435899411,GUARDIA SEGURIDAD - ILLAPEL - 4x4,,scraped,2026-07-07T00:20:23.906467,
eb93fe58dd68de40,https://cl.linkedin.com/jobs/view/control-de-documentos-at-pares-alvarez-4433999343,Control de Documentos,,scraped,2026-07-07T00:20:30.738218,
6b0961f7a36f5c6b,https://cl.linkedin.com/jobs/view/mucama-o-hotel-turno-pm-at-hotel-los-espa%C3%B1oles-plus-4436418095,Mucama/o hotel turno PM,Hotel Los Españoles Plus,posted,2026-07-07T00:20:45.618405,48
ce666fca02a083bd,https://cl.linkedin.com/jobs/view/conductor-de-bus-doble-piso-arica-at-buses-jm-4436799185,Conductor de Bus Doble Piso Arica,Buses JM,posted,2026-07-07T00:20:58.771967,50
6222580a39f75c7f,https://cl.linkedin.com/jobs/view/aviso-laboral-prevencionista-de-riesgos-at-constructora-profast-spa-4436790488,AVISO LABORAL PREVENCIONISTA DE RIESGOS.,CONSTRUCTORA PROFAST SPA,posted,2026-07-07T00:21:07.448814,52
110b9fcfd06bbb5c,https://cl.linkedin.com/jobs/view/prevencionista-at-terrado-hoteles-4436964445,PREVENCIONISTA,,scraped,2026-07-07T00:21:10.070274,
0055d1757090f4ea,https://cl.linkedin.com/jobs/view/front-office-medewerker-at-landgoed-kasteel-de-hoogenweerth-4437176057,Front Office medewerker,,scraped,2026-07-07T00:21:18.549944,
7fce08878995b76e,https://cl.linkedin.com/jobs/view/recruiter-g-a-at-commandlink-4436191570,"Recruiter, G&A",CommandLink,posted,2026-07-07T00:22:35.342472,54
1adb4dbeb10242e5,https://cl.linkedin.com/jobs/view/control-interno-at-hotel-bosque-de-re%C3%B1aca-convention-center-spa-4437121371,CONTROL INTERNO,,scraped,2026-07-07T00:22:37.932203,
f266ba9367daea18,https://cl.linkedin.com/jobs/view/analista-gestion-del-tiempo-at-equans-4436024344,ANALISTA GESTION DEL TIEMPO,,scraped,2026-07-07T00:22:45.269226,
4f3ec23b6e2a1c34,https://cl.linkedin.com/jobs/view/m%C3%A9dico-general-at-centravida-4436974233,Médico general,,scraped,2026-07-07T00:22:52.034240,
d161d230014e1c8a,https://cl.linkedin.com/jobs/view/oficial-de-seguridad-at-grupo-bocel-4436220373,OFICIAL DE SEGURIDAD,,scraped,2026-07-07T00:22:59.343635,
467c469f13bd985f,https://cl.linkedin.com/jobs/view/guardia-de-seguridad-bilingue-at-longport-limited-4436104060,GUARDIA DE SEGURIDAD BILINGUE,LONGPORT LIMITED,posted,2026-07-07T00:23:12.945035,56
022bee90bb7206e1,https://cl.linkedin.com/jobs/view/conductor-a-relevo-de-abastecimiento-cima-valdivia-at-arauco-4435368635,Conductor/a Relevo de Abastecimiento - Cima Valdivia,ARAUCO,posted,2026-07-07T00:25:36.154076,58
9c0f243061d0ec61,https://cl.linkedin.com/jobs/view/auxiliar-de-abastecimiento-falabella-calama-full-time-5x2-42-hrs-at-falabella-4407558768,Auxiliar de Abastecimiento / Falabella Calama / Full time 5x2 42 Hrs.,,scraped,2026-07-07T00:25:38.686866,
d67d54e6e90ed04b,https://cl.linkedin.com/jobs/view/chofer-ayudante-de-cocina-1-vacante-ambas-funciones-at-dulcer%C3%ADa-frutillar-4436407499,"Chofer/ayudante de cocina ( 1 vacante, ambas funciones)",,scraped,2026-07-07T00:25:44.963119,
c589dd09a6ea4ca7,https://cl.linkedin.com/jobs/view/asesores-de-ventas-casa-costanera-y-alto-las-condes-at-pr%C3%BCne-4431978608,Asesores de ventas - Casa Costanera y Alto Las Condes,,scraped,2026-07-07T00:25:53.665457,
55b7eb04f0130f2d,https://cl.linkedin.com/jobs/view/electricista-senior-7x7-reparador-de-mufas-antofagasta-at-stn-grupo-saesa-4436968364,"Electricista Senior 7x7 REPARADOR DE MUFAS, ANTOFAGASTA",,scraped,2026-07-07T00:27:03.527789,
97b2ce2375078c7d,https://cl.linkedin.com/jobs/view/project-manager-at-ikea-4435300972,Project Manager,,scraped,2026-07-07T00:28:14.677397,
1628b8dcb965ead8,https://cl.linkedin.com/jobs/view/administativa-de-comercio-exterior-at-alumni-uah-4436357779,Administativa de comercio exterior,,scraped,2026-07-07T00:29:24.949394,
09ea0eb6711dc91e,https://cl.linkedin.com/jobs/view/conductor-log%C3%ADstico-temuco-at-jet-brasil-4434661850,Conductor Logístico - Temuco,Jet Brasil,posted,2026-07-07T00:29:39.890245,60
daa50bc9ae86d6c9,https://cl.linkedin.com/jobs/view/analista-de-control-y-trazabilidad-operacional-at-resiter-4436401677,Analista de Control y Trazabilidad Operacional,,scraped,2026-07-07T00:29:42.551892,
58806c93af61bfad,https://cl.linkedin.com/jobs/view/analista-qu%C3%ADmico-at-novofarma-service-s-a-4436973251,Analista Químico,,scraped,2026-07-07T00:30:53.591258,
e0de38eadfa94dde,https://cl.linkedin.com/jobs/view/asistente-de-operaciones-financieras-at-holding-4436781955,Asistente de Operaciones Financieras,,scraped,2026-07-07T00:32:05.262038,
2b8703555c6f3810,https://cl.linkedin.com/jobs/view/ayudante-de-investigaci%C3%B3n-at-instituto-de-investigaciones-agropecuarias-inia-4431983489,Ayudante de Investigación,Instituto de Investigaciones Agropecuarias - INIA,posted,2026-07-07T00:32:23.493339,62
d78073e606ebf79b,https://cl.linkedin.com/jobs/view/consultor-a-pedag%C3%B3gico-rm-at-alumni-uah-4436373071,Consultor/a Pedagógico RM,,scraped,2026-07-07T00:32:28.274727,
27fc1883a5c08f52,https://cl.linkedin.com/jobs/view/operario-de-bodega-at-mintral-4436946378,Operario de Bodega,Mintral,posted,2026-07-07T00:32:43.188984,64
6ce6f8e8506f9b53,https://cl.linkedin.com/jobs/view/ayudante-de-obras-civiles-at-mantelech-ingenieria-ltda-4436793269,AYUDANTE DE OBRAS CIVILES,Mantelech Ingenieria ltda.,posted,2026-07-07T00:32:52.462384,66
f747824faf47a590,https://cl.linkedin.com/jobs/view/administrativo-a-control-precio-puerto-montt-at-dimarsa-4436796228,Administrativo/a Control Precio (Puerto Montt),,scraped,2026-07-07T00:32:55.052935,
44cc589fe1654729,https://cl.linkedin.com/jobs/view/recepcionista-dental-manejo-en-dentalink-at-redental-4436415191,Recepcionista Dental-  manejo en Dentalink,Redental,posted,2026-07-07T00:33:11.104653,68
ac52a69b9ce241e0,https://cl.linkedin.com/jobs/view/asistentes-de-centro-%E2%80%93-agua-mar-at-ventisqueros-4435884875,Asistentes de Centro – Agua Mar,,scraped,2026-07-07T00:33:13.729071,
27e24b33a739145f,https://cl.linkedin.com/jobs/view/dermoconsejero-a-multifunci%C3%B3n-full-time-osorno-at-salcobrand-4436782970,Dermoconsejero/a Multifunción Full Time - Osorno,,scraped,2026-07-07T00:33:21.393964,
b59807e249751c7d,https://cl.linkedin.com/jobs/view/operador-de-planta-%E2%80%93-pudahuel-at-almar-water-servicios-latam-4436958784,Operador de Planta – Pudahuel,,scraped,2026-07-07T00:34:31.673524,
f695141383b5c3c3,https://cl.linkedin.com/jobs/view/asistente-logistico-at-sika-4433962563,Asistente Logistico,,scraped,2026-07-07T00:35:47.358790,
3c9004e4b049d467,https://cl.linkedin.com/jobs/view/asistente-cuidado-al-cliente-filial-blue-express-at-copec-s-a-4431984239,Asistente Cuidado al Cliente - Filial Blue Express,,scraped,2026-07-07T00:36:57.295083,
88ad7589a98ce03a,https://cl.linkedin.com/jobs/view/asistente-gerencia-comercial-at-kdoce-spa-4437478832,Asistente Gerencia Comercial,,scraped,2026-07-07T00:37:03.949970,
5c2d091e1d38cf4a,https://cl.linkedin.com/jobs/view/puestos-vacantes-operadora-or-mina-20227-at-grupo-antofagasta-minerals-4414513998,Puestos vacantes: Operadora(or) Mina (20227),,scraped,2026-07-07T00:37:13.680558,
b31ff829b22900e5,https://cl.linkedin.com/jobs/view/subgerente-comercial-at-gl-events-chile-4436969340,Subgerente Comercial,,scraped,2026-07-07T00:37:20.797356,
74ae8f97e5dc8f2f,https://cl.linkedin.com/jobs/view/country-manager-chile-at-fonroche-lighting-fr-4436212718,Country Manager Chile,,scraped,2026-07-07T00:37:28.198755,
d6d84ac887170d83,https://cl.linkedin.com/jobs/view/subgerente-de-planta-at-wyser-4436204457,Subgerente de Planta,,scraped,2026-07-07T00:37:40.963376,
92b06d296eacf8ea,https://cl.linkedin.com/jobs/view/subgerente-comercial-at-gl-events-chile-4435788068,Subgerente Comercial,,scraped,2026-07-07T00:37:47.484121,
831647925df01e20,https://cl.linkedin.com/jobs/view/practicante-de-capacitaci%C3%B3n-at-empresas-arizt%C3%ADa-4431982565,Practicante de Capacitación,,scraped,2026-07-07T00:37:54.728922,
da4f0860407aa83b,https://cl.linkedin.com/jobs/view/ejecutivo-a-contact-center-gerencia-de-clientes-y-marketing-at-consorcio-4435184532,Ejecutivo/a Contact Center - Gerencia de Clientes y Marketing,,scraped,2026-07-07T00:38:01.065257,
229d4961f6cd42bf,https://cl.linkedin.com/jobs/view/freelance-grabaci%C3%B3n-de-tareas-cotidianas-para-proyecto-de-ia-at-toloka-annotators-4435118892,Freelance: grabación de tareas cotidianas para proyecto de IA,Toloka Annotators,posted,2026-07-07T00:38:15.212962,70
73d2da3b1015cb69,https://cl.linkedin.com/jobs/view/vendedor-nostalgic-at-nostalgic-realty-4436784758,Vendedor Nostalgic,Nostalgic Realty,posted,2026-07-07T00:38:25.951319,72
92297ff4f80a8c56,https://cl.linkedin.com/jobs/view/ayudante-granallador-at-fastpack-4436316780,Ayudante Granallador,,scraped,2026-07-07T00:38:28.529749,
84f3f583c4a77acb,https://cl.linkedin.com/jobs/view/analista-de-mejora-continua-at-cl%C3%ADnicas-achs-salud-4433976740,Analista de Mejora Continua,Clínicas Achs Salud,posted,2026-07-07T00:39:48.724941,74
bd11503641385eb2,https://cl.linkedin.com/jobs/view/trabajador-a-t%C3%A9cnico-o-asistente-social-en-curic%C3%B3-at-fondo-esperanza-4436410296,"Trabajador/a, Técnico o Asistente Social en Curicó",Fondo Esperanza,posted,2026-07-07T00:40:36.044209,76
5880e84931e1fe90,https://cl.linkedin.com/jobs/view/ejecutivos-isapre-at-consalud-4436400723,Ejecutivos Isapre,,scraped,2026-07-07T00:40:38.643870,
6f11625c92604e67,https://cl.linkedin.com/jobs/view/asistente-de-calidad-at-sigdo-koppers-skic-4433116128,ASISTENTE DE CALIDAD,,scraped,2026-07-07T00:41:49.128927,
b724822e8daf52f1,https://cl.linkedin.com/jobs/view/entregador-repartidor-a-de-pedidos-puerto-montt-at-ideal-s-a-4431966379,Entregador/Repartidor(a) de Pedidos - Puerto Montt,,scraped,2026-07-07T00:42:16.021857,
b13ade09ab95e05a,https://cl.linkedin.com/jobs/view/ejecutivo-in-situ-de-servicios-para-cl%C3%ADnica-at-randstad-4435891729,Ejecutivo in situ de servicios para clínica.,,scraped,2026-07-07T00:42:22.585561,
aa47fba0e1ca985f,https://cl.linkedin.com/jobs/view/t%C3%A9cnicos-de-mantenci%C3%B3n-ittec-la-negra-antofagasta-turno-7x7-d%C3%ADa-at-thiess-4427568795,"Técnicos de Mantención - ITTEC La Negra, Antofagasta (Turno 7x7 día)",,scraped,2026-07-07T00:43:33.767995,
b77031670e7bb34c,https://cl.linkedin.com/jobs/view/ejecutivo-soporte-global-ventas-at-latam-airlines-4431976450,EJECUTIVO SOPORTE GLOBAL VENTAS,,scraped,2026-07-07T00:43:41.388992,
6a893a4d2fef55d7,https://cl.linkedin.com/jobs/view/gu%C3%ADa-torres-del-paine-at-explora-4436411263,Guía - Torres del Paine,,scraped,2026-07-07T00:43:48.389229,
184f779bb854b47c,https://cl.linkedin.com/jobs/view/tecnicos-y-profesionales-at-reclutamiento-global-4435884880,TECNICOS Y PROFESIONALES,RECLUTAMIENTO GLOBAL,posted,2026-07-07T00:44:01.736643,78
cd95d49d21b256dd,https://cl.linkedin.com/jobs/view/encargado-a-de-visual-merchandising-at-cic-4433706468,Encargado/a de Visual Merchandising,,scraped,2026-07-07T00:44:04.356499,
30acc172dd8e3ed4,https://cl.linkedin.com/jobs/view/vendedor-%C3%B3ptico-con-disponibilidad-para-viajar-at-besplus-bienestar-con-sentido-4436787669,Vendedor Óptico con disponibilidad para viajar,,scraped,2026-07-07T00:45:14.688018,
14fc810c0f0094de,https://cl.linkedin.com/jobs/view/asistente-apoyo-campa%C3%B1a-pt-18-at-ripley-chile-4433990387,Asistente Apoyo Campaña PT 18,Ripley Chile,posted,2026-07-07T00:45:33.851810,80
cea240ff006da0a1,https://cl.linkedin.com/jobs/view/administrativo-de-garant%C3%ADas-salazar-israel-los-%C3%A1ngeles-at-automotriz-coseche-4435407737,"Administrativo de Garantías - Salazar Israel, Los Ángeles",,scraped,2026-07-07T00:45:36.457729,
80f7eee75e69f556,https://cl.linkedin.com/jobs/view/jefe-de-riesgo-operacional-at-detacoop-cooperativa-de-ahorro-y-cr%C3%A9dito-4436143087,Jefe de riesgo operacional,,scraped,2026-07-07T00:46:47.031037,
754ae83bc28c4afe,https://cl.linkedin.com/jobs/view/product-manager-at-lenovo-4434347466,Product Manager,Lenovo,posted,2026-07-07T00:47:02.210370,82
0ac7a505a32d48f5,https://cl.linkedin.com/jobs/view/asistente-de-tesorer%C3%ADa-at-aventura-motors-s-a-4433958966,Asistente de tesorería.,,scraped,2026-07-07T00:47:04.924135,
544639ce61505eab,https://cl.linkedin.com/jobs/view/ayudante-experiencia-en-interior-mina-sector-andes-norte-rancagua-at-almar-water-servicios-latam-4436401683,Ayudante (experiencia en interior mina sector andes norte) / Rancagua,,scraped,2026-07-07T00:47:13.615319,
4f754a1dcf1062e1,https://cl.linkedin.com/jobs/view/op-implementaciones-comerciales-sodimac-hc-los-%C3%A1ngeles-ft42-at-sodimac-4435883965,Op Implementaciones Comerciales Sodimac HC Los Ángeles FT42,,scraped,2026-07-07T00:48:28.854818,
7ba94e6fb47629a0,https://cl.linkedin.com/jobs/view/t%C3%A9cnico-a-sistemas-contra-incendio-at-johnson-controls-4410349204,Técnico (a) Sistemas Contra Incendio,,scraped,2026-07-07T00:48:35.279040,
55915f47830d4d2a,https://cl.linkedin.com/jobs/view/cuidadores-adulto-mayor-talcahuano-at-fundaci%C3%B3n-las-rosas-4436785741,Cuidadores Adulto Mayor -  Talcahuano,,scraped,2026-07-07T00:48:41.772670,
a0e05c5f6aec19f1,https://cl.linkedin.com/jobs/view/analista-de-reclutamiento-y-selecci%C3%B3n-atracci%C3%B3n-de-talentos-rubro-miner%C3%ADa-antofagasta-at-adecco-4435171644,Analista de Reclutamiento y Selección | Atracción de Talentos rubro minería | Antofagasta,,scraped,2026-07-07T00:48:49.637702,
535296403e4f51ab,https://cl.linkedin.com/jobs/view/medico-en-salud-ocupacional-at-pulso-salud-4436956900,Medico en Salud Ocupacional,,scraped,2026-07-07T00:49:59.775428,
a9747abe46ea2176,https://cl.linkedin.com/jobs/view/ingeniero-monitor-sso-at-vantaz-group-4436266503,Ingeniero Monitor SSO,,scraped,2026-07-07T00:50:06.347049,
452670ac9c2c8396,https://cl.linkedin.com/jobs/view/ito-ambiental-lo-aguirre-at-intexa-ingenier%C3%ADa-colombia-4437122312,ITO Ambiental Lo aguirre,Intexa Ingeniería (Colombia),posted,2026-07-07T00:50:25.490219,84
8af6618c993e5503,https://cl.linkedin.com/jobs/view/cubicador-las-condes-at-dvc-de-vicente-constructora-4433790381,Cubicador Las Condes,,scraped,2026-07-07T00:50:28.082556,
b0ba5aeb6eb4e653,https://cl.linkedin.com/jobs/view/jefe-de-soporte-y-tic-para-contact-center-at-sercomed-s-a-4436797222,Jefe de Soporte y TIC para Contact Center,,scraped,2026-07-07T00:50:36.953152,
c66b33d6fc1ee12d,https://cl.linkedin.com/jobs/view/ejecutivo-a-comercial-at-alumni-uah-4436970414,Ejecutivo(a) Comercial,,scraped,2026-07-07T00:50:44.542837,
a8cab2baab7773a4,https://cl.linkedin.com/jobs/view/asesor-a-de-marca-especialista-jornada-part-time-20-hrs-s%C3%A1bado-y-domingo-falabella-portal-la-dehesa-at-falabella-4418445994,Asesor/a de Marca Especialista/ Jornada Part Time 20 hrs Sábado y Domingo / Falabella Portal la Dehesa,,scraped,2026-07-07T00:51:54.386667,
fe402dcb7069c37a,https://cl.linkedin.com/jobs/view/l%C3%ADder-haccp-at-sodexo-4436333076,Líder Haccp,,scraped,2026-07-07T00:52:00.663480,
eb8ba5c18343c962,https://cl.linkedin.com/jobs/view/asistente-de-torniquete-part-time-fines-de-semana-y-festivos-at-fantasilandia-4436963477,Asistente de Torniquete Part Time Fines de Semana y Festivos,,scraped,2026-07-07T00:53:10.870898,
c23ffb8161cf6892,https://cl.linkedin.com/jobs/view/analista-de-cumplimiento-at-bc-tecnolog%C3%ADa-4434681417,Analista de Cumplimiento,,scraped,2026-07-07T00:53:17.664476,
c24ec235e97d7c06,https://cl.linkedin.com/jobs/view/vendedor-part-time-patio-outlet-la-florida-at-lapiz-lopez-4436900153,VENDEDOR PART TIME - Patio Outlet La Florida,,scraped,2026-07-07T00:54:27.804964,
a246eb4f976ba344,https://cl.linkedin.com/jobs/view/asistente-de-servicios-generales-y-recepci%C3%B3n-at-empresas-sb-4435891731,Asistente de Servicios Generales y Recepción,,scraped,2026-07-07T00:54:34.035819,
e1984610931be8bc,https://cl.linkedin.com/jobs/view/analista-qa-junior-at-bc-tecnolog%C3%ADa-4435252961,Analista QA Junior,,scraped,2026-07-07T00:54:41.000467,
03f857fc83da0ef5,https://cl.linkedin.com/jobs/view/administrativo-personas-at-nova-austral-s-a-4435899414,ADMINISTRATIVO PERSONAS,,scraped,2026-07-07T00:54:47.504002,
6c6e80d08fed48ed,https://cl.linkedin.com/jobs/view/operarios-de-bodega-full-time-pm-y-part-time-at-grupo-maclean-servicios-integrales-4437177298,Operarios de Bodega full time PM y part time,,scraped,2026-07-07T00:54:55.583521,
2695b41e296ce638,https://cl.linkedin.com/jobs/view/category-developer-o%2Bo-at-l-or%C3%A9al-4435487376,Category Developer O+O,,scraped,2026-07-07T00:56:14.860564,
7465ec3c6d961e97,https://cl.linkedin.com/jobs/view/coordinador-bim-at-intexa-ingenier%C3%ADa-colombia-4436411267,Coordinador BIM,Intexa Ingeniería (Colombia),posted,2026-07-07T00:56:31.978749,86
18b6bf171c0671a3,https://cl.linkedin.com/jobs/view/document-management-support-control-de-documentos-at-bechtel-corporation-4437188885,Document Management Support / Control de documentos,Bechtel Corporation,posted,2026-07-07T00:56:40.917565,88
69b8247a65593dce,https://cl.linkedin.com/jobs/view/jefe-de-parking-full-time-mall-plaza-antofagasta-at-esencial-staff-4436901131,Jefe de Parking Full Time Mall Plaza Antofagasta,Esencial Staff,posted,2026-07-07T00:58:31.048687,90
d980721f4c28da78,https://cl.linkedin.com/jobs/view/mec%C3%A1nico-hidr%C3%A1ulico-at-adecco-4435818080,Mecánico Hidráulico,,scraped,2026-07-07T00:58:33.704202,
cea89a122ba3bba5,https://cl.linkedin.com/jobs/view/director-a-de-carrera-at-universidad-san-sebasti%C3%A1n-4435531587,Director (a) de Carrera,Universidad San Sebastián,posted,2026-07-07T00:59:52.139959,92
5b8f1ee9a90070e3,https://cl.linkedin.com/jobs/view/business-development-lead-chile-idc-at-novva-group-4436055617,Business Development Lead-Chile IDC,,scraped,2026-07-07T00:59:54.904483,
67aba051d5a10ca7,https://cl.linkedin.com/jobs/view/site-activation-specialist-i-at-syneos-health-4436778533,Site Activation Specialist I,Syneos Health,posted,2026-07-07T01:00:09.295410,94
93aece4b06da7e52,https://cl.linkedin.com/jobs/view/outlet-patio-temuco-vendedor-full-time-at-head-chile-4432720537,OUTLET  PATIO TEMUCO _ vendedor full time,,scraped,2026-07-07T01:00:11.868259,
fc6bde3bb0b52fbf,https://cl.linkedin.com/jobs/view/director-a-asociado-a-de-oficina-at-intedya-international-dynamic-advisors-4432387730,Director/a Asociado/a de Oficina,,scraped,2026-07-07T01:00:18.161070,
96a57a6df0d10174,https://cl.linkedin.com/jobs/view/t%C3%A9cnico-en-imagenolog%C3%ADa-curic%C3%B3-at-cmt-centro-m%C3%A9dico-del-trabajador-4436975164,Técnico en Imagenología (curicó),,scraped,2026-07-07T01:00:25.639134,
0a230bfbfc5a8dd9,https://cl.linkedin.com/jobs/view/operador-planta-de-riles-osorno-at-aguas-andinas-4436405458,Operador Planta de Riles - Osorno,,scraped,2026-07-07T01:01:35.904134,
822d3d42d1beac2b,https://cl.linkedin.com/jobs/view/especialista-permisos-puerto-7042-52-regi%C3%B3n-de-coquimbo-at-r-q-ingenier%C3%ADa-4433115268,Especialista Permisos Puerto 7042-52 Región de Coquimbo,,scraped,2026-07-07T01:01:43.759365,
85e7cde4e993221b,https://cl.linkedin.com/jobs/view/auxiliar-de-aseo-42hrs-full-cin%C3%A9polis-paseo-los-trapenses-at-cine-hoyts-4433975523,Auxiliar de Aseo 42hrs Full  - Cinépolis Paseo Los Trapenses,Cinépolis Chile,posted,2026-07-07T01:02:01.391422,96
380c149ad1bb8dc3,https://cl.linkedin.com/jobs/view/operario-mantenci%C3%B3n-%C3%A1reas-verdes-huechuraba-at-grupo-nuestros-parques-4436396847,Operario Mantención Áreas Verdes - Huechuraba,,scraped,2026-07-07T01:02:04.014807,
539993d025968220,https://cl.linkedin.com/jobs/view/maestro-de-cocina-at-estadio-espa%C3%B1ol-de-las-condes-4435892709,MAESTRO DE COCINA,Estadio Español de Las Condes,posted,2026-07-07T01:02:19.633916,98
4a83a799520f9d46,https://cl.linkedin.com/jobs/view/t%C3%A9cnico-a-junior-dercomaq-calama-at-inchcape-am%C3%A9ricas-4437493272,Técnico/a Junior Dercomaq Calama,Inchcape Américas,posted,2026-07-07T01:02:29.317025,100
2bbb45bfcd82908e,https://cl.linkedin.com/jobs/view/analista-de-remuneraciones-at-buk-4435447992,Analista de remuneraciones,Buk,posted,2026-07-07T01:02:42.201781,102
d5d23f87550b2c50,https://cl.linkedin.com/jobs/view/consultor-a-sap-at-seeds-4436247296,Consultor/a SAP,,scraped,2026-07-07T01:02:44.799407,
697e8a81d1d28dd0,https://cl.linkedin.com/jobs/view/auditor-de-seguridad-paris-estaci%C3%B3n-central-at-cencosud-s-a-4435379891,Auditor de Seguridad | Paris Estación Central,,scraped,2026-07-07T01:02:51.965199,
a45df05496155359,https://cl.linkedin.com/jobs/view/senior-contract-specialist-at-turner-townsend-4426996223,Senior Contract Specialist,,scraped,2026-07-07T01:02:58.858687,
a9903b4444596760,https://cl.linkedin.com/jobs/view/junior-sales-development-representative-at-ef-4416708693,Junior Sales Development Representative,,scraped,2026-07-07T01:03:05.530689,
b192bf4564a1b45e,https://cl.linkedin.com/jobs/view/science-teacher-middle-high-school-at-tripalis-4434378282,SCIENCE TEACHER (Middle/High School),,scraped,2026-07-07T01:04:16.688233,
7d9e3d1bbf3ef890,https://cl.linkedin.com/jobs/view/t%C3%A9cnico-terreno-en-telecomunicaciones-antofagasta-at-icetel-4436975145,Técnico Terreno en Telecomunicaciones - Antofagasta,IceTel,posted,2026-07-07T01:06:41.807889,104
28eb94503962f61f,https://cl.linkedin.com/jobs/view/banco-de-talentos-tecnicos-de-mantenimiento-santiago-at-nalco-water-an-ecolab-company-4408200609,Banco de Talentos: Tecnicos de Mantenimiento - Santiago,,scraped,2026-07-07T01:06:44.430340,
f8974bfb7c577b92,https://cl.linkedin.com/jobs/view/atenci%C3%B3n-de-probadores-y-cajas-autoservicio-falabella-plaza-tr%C3%A9bol-ft-42-hrs-5x2-at-falabella-4426598124,Atención de Probadores y Cajas Autoservicio Falabella Plaza Trébol/ FT 42 hrs 5x2,,scraped,2026-07-07T01:06:56.065539,
698b2f7c1c0f58a6,https://cl.linkedin.com/jobs/view/control-de-costos-y-adm-de-cambios-maip%C3%BA-at-wood-4341736245,Control de Costos y Adm de Cambios - Maipú,Wood,posted,2026-07-07T01:08:18.765546,106
9f591d702bb55885,https://cl.linkedin.com/jobs/view/jefe-de-asesor%C3%ADa-licitaci%C3%B3n-limari-at-cyd-ingenier%C3%ADa-4426907303,Jefe de Asesoría (Licitación - Limari),CyD Ingeniería,posted,2026-07-07T01:08:32.032646,108
3e794e3efea3ee71,https://cl.linkedin.com/jobs/view/apoyo-evento-cyber-full-time-42-horas-semanales-falabella-curic%C3%B3-at-falabella-4409544308,Apoyo Evento Cyber / Full Time 42 horas semanales / Falabella Curicó,,scraped,2026-07-07T01:08:34.614224,
86d3ec017235980f,https://cl.linkedin.com/jobs/view/ingeniero-estimaciones-capex-opex-a-l35-at-cyd-ingenier%C3%ADa-4416345695,Ingeniero Estimaciones CAPEX-OPEX A L35,CyD Ingeniería,posted,2026-07-07T01:08:50.412926,110
f6163e0e40779b16,https://cl.linkedin.com/jobs/view/zelfstandig-werkend-kok-at-landgoed-kasteel-de-hoogenweerth-4437155867,Zelfstandig werkend kok,,scraped,2026-07-07T01:08:52.943945,
715709942233504b,https://cl.linkedin.com/jobs/view/operador-de-preparaci%C3%B3n-mec%C3%A1nica-muestrero-calama-at-sgs-4433951496,Operador de Preparación Mecánica (Muestrero - Calama),,scraped,2026-07-07T01:09:00.602112,
373b280a75ce3335,https://cl.linkedin.com/jobs/view/operador-de-preparaci%C3%B3n-mec%C3%A1nica-muestrero-calama-at-sgs-4433957038,Operador de Preparación Mecánica (Muestrero - Calama),,scraped,2026-07-07T01:10:10.909812,
f0343be957fbe8ad,https://cl.linkedin.com/jobs/view/apoyo-eventos-especiales-cyber-full-time-42-horas-semanales-falabella-plaza-tr%C3%A9bol-at-falabella-4409125433,Apoyo Eventos Especiales Cyber/ Full Time 42 horas semanales/ Falabella Plaza Trébol,,scraped,2026-07-07T01:10:17.522221,
344634c2626e121c,https://cl.linkedin.com/jobs/view/apoyo-evento-promoci%C3%B3n-mundial-2026-falabella-talca-at-falabella-4409137081,Apoyo Evento Promoción Mundial 2026/ Falabella Talca,,scraped,2026-07-07T01:11:29.755968,
430c3f29190611f4,https://cl.linkedin.com/jobs/view/ingeniero-cubicador-l35-at-cyd-ingenier%C3%ADa-4416320352,Ingeniero Cubicador L35,CyD Ingeniería,posted,2026-07-07T01:11:47.335621,112
7913979e6584392d,https://cl.linkedin.com/jobs/view/apoyo-eventos-especiales-cyber-mayo-2026-ft-5x2-falabella-la-serena-at-falabella-4409137083,Apoyo Eventos Especiales / Cyber Mayo 2026 / FT 5X2 / Falabella La Serena,,scraped,2026-07-07T01:11:50.050660,
6d6dd69bdba10665,https://cl.linkedin.com/jobs/view/operativo-a-prevenci%C3%B3n-de-p%C3%A9rdidas-sodimac-hc-chicureo-pt25h-at-sodimac-4428149166,Operativo/a Prevención de Pérdidas Sodimac HC Chicureo PT25h,,scraped,2026-07-07T01:11:56.648729,
2265c2a4ef16b4a1,https://cl.linkedin.com/jobs/view/operativo-a-prevenci%C3%B3n-de-p%C3%A9rdidas-sodimac-hc-chicureo-pt25h-at-sodimac-4428142898,Operativo/a Prevención de Pérdidas Sodimac HC Chicureo PT25h,,scraped,2026-07-07T01:14:12.458082,
767b9a8cb022ffb3,https://cl.linkedin.com/jobs/view/head-of-interface-pathway-development-and-change-at-nhs-ayrshire-arran-4433715219,Head of Interface Pathway Development and Change,,scraped,2026-07-07T01:14:19.129039,
730aa1bcdc6b2d9c,https://cl.linkedin.com/jobs/view/apoyo-cyber-nocturno-3-noches-falabella-talca-at-falabella-4416696077,Apoyo Cyber Nocturno 3 noches / Falabella Talca,,scraped,2026-07-07T01:14:26.763883,
4311121c3947ab07,https://cl.linkedin.com/jobs/view/category-manager-vestuario-infantil-at-falabella-4436469175,Category Manager Vestuario Infantil,,scraped,2026-07-07T01:14:33.249289,
1353584fbea39359,https://cl.linkedin.com/jobs/view/analista-gesti%C3%B3n-recursos-financieros-senior-at-scotiabank-4434658108,Analista Gestión Recursos Financieros Senior,,scraped,2026-07-07T01:14:39.774751,
7bb17b8e79182e19,https://cl.linkedin.com/jobs/view/agente-de-seguridad-y-aseo-logistica-at-limchile-4436003465,Agente de Seguridad y Aseo logistica,,scraped,2026-07-07T01:14:46.332529,
8e1f0f724678c6fb,https://cl.linkedin.com/jobs/view/responsable-de-mantenimiento-rm-at-im2-energ%C3%ADa-4436971287,Responsable de Mantenimiento - RM,IM2 Energía,posted,2026-07-07T01:15:07.916168,114
539d7a1d1f23588a,https://cl.linkedin.com/jobs/view/gerente-a-zonal-alvi-regi%C3%B3n-metropolitana-at-smu-s-a-unimarc-m10-alvi-y-super10-4433958368,Gerente(a) Zonal Alvi - Región Metropolitana,,scraped,2026-07-07T01:15:10.676163,
eed0f3ff5ca4c109,https://cl.linkedin.com/jobs/view/t%C3%A9cnico-en-atenci%C3%B3n-de-p%C3%A1rvulos-at-charlie-brown-limited-4436414250,Técnico en Atención de Párvulos,,scraped,2026-07-07T01:15:18.871447,
5aa19ac9ded84063,https://cl.linkedin.com/jobs/view/product-owner-senior-productos-at-ita%C3%BA-chile-4437414013,Product Owner Senior | Productos,,scraped,2026-07-07T01:16:30.401039,
6ccd33e9da5198c5,https://cl.linkedin.com/jobs/view/puestos-vacantes-superintendenta-e-mejora-continua-20408-at-grupo-antofagasta-minerals-4435882862,Puestos vacantes: Superintendenta(e) Mejora Continua (20408),,scraped,2026-07-07T01:17:40.438913,
cc3076a1211c0e70,https://cl.linkedin.com/jobs/view/subgerente-centro-empresario-valpara%C3%ADso-at-banco-bci-4436792405,Subgerente Centro Empresario - Valparaíso,,scraped,2026-07-07T01:17:47.619227,
9461cf8509a9db7b,https://cl.linkedin.com/jobs/view/buscamos-especialistas-en-apoyo-y-gesti%C3%B3n-log%C3%ADstica-con-residencia-en-calama-at-andean-bpo-4437466099,"buscamos especialistas en apoyo y gestión logística, con residencia en calama",,scraped,2026-07-07T01:18:57.602039,
52aa1e46e88ba184,https://cl.linkedin.com/jobs/view/special-task-service-technician-at-vestas-4427690022,Special Task Service Technician,,scraped,2026-07-07T01:19:04.424016,
fd3fea898cf432cd,https://cl.linkedin.com/jobs/view/inventory-control-associate-i-at-ups-4435030979,Inventory Control Associate I,UPS,posted,2026-07-07T01:19:40.895487,116
c7f94386ebf95285,https://cl.linkedin.com/jobs/view/operador-planta-1-refiner%C3%ADa-at-kinross-gold-corporation-4435348522,Operador Planta 1 - Refinería,,scraped,2026-07-07T01:19:43.547043,
d095dcb7d8b693a1,https://cl.linkedin.com/jobs/view/facilities-operations-at-corteva-agriscience-4414348339,Facilities Operations,,scraped,2026-07-07T01:20:54.350915,
5ff61beb1d599593,https://cl.linkedin.com/jobs/view/especialista-sso-talcahuano-at-air-products-4436756308,Especialista SSO/Talcahuano,Air Products,posted,2026-07-07T01:22:35.776212,118
be598e2c8c3236e5,https://cl.linkedin.com/jobs/view/administrativo-de-garant%C3%ADas-salazar-israel-los-%C3%A1ngeles-at-salazar-israel-4436798205,"Administrativo de Garantías - Salazar Israel, Los Ángeles",,scraped,2026-07-07T01:22:38.384559,
d935c4ee18ff3fe8,https://cl.linkedin.com/jobs/view/inspector-de-terreno-at-bureau-veritas-chile-4436437671,Inspector de terreno,,scraped,2026-07-07T01:23:49.977653,
48c543229ab0a270,https://cl.linkedin.com/jobs/view/jefe-de-turnos-at-adecco-4436748271,Jefe de turnos,,scraped,2026-07-07T01:23:56.293722,
5e40bc79cd19c34d,https://cl.linkedin.com/jobs/view/analista-de-contratos-7042-20-regi%C3%B3n-de-coquimbo-at-r-q-ingenier%C3%ADa-4432738212,Analista de Contratos 7042-20 Región de Coquimbo,,scraped,2026-07-07T01:24:02.775566,
9f0ff557ac9b7cf5,https://cl.linkedin.com/jobs/view/apoyo-evento-promoci%C3%B3n-mundial-2026-falabella-antofagasta-at-falabella-4409123395,Apoyo Evento Promoción Mundial 2026/ Falabella Antofagasta,,scraped,2026-07-07T01:24:09.899878,
df9f7a04f1a26891,https://cl.linkedin.com/jobs/view/inspector-a-de-calidad-en-fruta-fresca-%E2%80%93-estados-unidos-at-qima-4437480516,Inspector/a de Calidad en Fruta Fresca – Estados Unidos,,scraped,2026-07-07T01:24:16.251518,
6ce458a304d69e53,https://cl.linkedin.com/jobs/view/ux-researcher-at-ayesa-digital-4433985144,UX Researcher,Ayesa Digital,posted,2026-07-07T01:24:31.672446,120
2ce3584f7ad2a68c,https://cl.linkedin.com/jobs/view/cirujano-dentista-at-dental%2B-4435889747,CIRUJANO DENTISTA,Dental+,posted,2026-07-07T01:24:43.612771,122
3700d822c09ecdb2,https://cl.linkedin.com/jobs/view/receptionist-at-cbre-4436953554,Receptionist,,scraped,2026-07-07T01:24:46.218844,
12e90d16f04f73b0,https://cl.linkedin.com/jobs/view/tecnico-en-equipos-industriales-at-incognito-4436795212,TECNICO EN EQUIPOS INDUSTRIALES,Incognito,posted,2026-07-07T01:25:08.235837,124
d10774e8d6b0f1f7,https://cl.linkedin.com/jobs/view/operario-mantenci%C3%B3n-areas-verdes-parque-cementerio-puente-alto-at-grupo-nuestros-parques-4436402579,Operario Mantención Areas Verdes - Parque Cementerio Puente Alto,,scraped,2026-07-07T01:25:10.820492,
1f0c3ea31b38bc3e,https://cl.linkedin.com/jobs/view/coordinador-de-trituraci%C3%B3n-auxiliar-coordinator-ancillary-crushing-at-first-quantum-minerals-4435899427,"Coordinador de Trituración Auxiliar (Coordinator, Ancillary Crushing)",,scraped,2026-07-07T01:25:17.275713,
dd1af9c16114cec7,https://cl.linkedin.com/jobs/view/especialista-de-validaci%C3%B3n-y-control-de-modelos-at-detacoop-cooperativa-de-ahorro-y-cr%C3%A9dito-4436128515,Especialista de validación y control de modelos,,scraped,2026-07-07T01:25:26.717252,
58f91194cadaff2b,https://cl.linkedin.com/jobs/view/agente-de-prevenci%C3%B3n-de-p%C3%A9rdidas-%E2%80%93-temuco-at-jet-brasil-4434663867,Agente de Prevención de Pérdidas – Temuco,,scraped,2026-07-07T01:25:33.558039,
b9c10107399bc03e,https://cl.linkedin.com/jobs/view/gerente-de-sucursal-rancagua-at-max-service-4433718420,Gerente de sucursal - Rancagua,,scraped,2026-07-07T01:25:54.448972,
f57f89a3cf454b0a,https://cl.linkedin.com/jobs/view/head-of-interface-pathway-development-and-change-at-nhs-scotland-4434672324,Head of Interface Pathway Development and Change,,scraped,2026-07-07T01:26:01.375425,
a4fe3bfa1093cf96,https://cl.linkedin.com/jobs/view/creador-a-de-contenido-pov-para-ia-remoto-at-toloka-annotators-4435146242,Creador(a) de Contenido POV para IA - Remoto,,scraped,2026-07-07T01:27:12.228065,
a3a5ec08d355011a,https://cl.linkedin.com/jobs/view/serveur-serveuse-at-krest-holding-4434926642,Serveur / Serveuse,KREST HOLDING,posted,2026-07-07T01:27:43.104273,126
ae0aa9daa94bb220,https://cl.linkedin.com/jobs/view/administrativo-contable-at-kipur-logistic-4437114571,ADMINISTRATIVO CONTABLE,,scraped,2026-07-07T01:27:45.830301,
d04194386acc9261,https://cl.linkedin.com/jobs/view/apilador-log%C3%ADstico-at-sitrans-4436728012,Apilador Logístico,Sitrans,posted,2026-07-07T01:31:24.856187,128
3d6a6ea45e36c030,https://cl.linkedin.com/jobs/view/jefe-a-bodega-at-lundin-mining-corporation-4435831962,Jefe/a Bodega,,scraped,2026-07-07T01:31:27.487881,
d21832c348fd2b67,https://cl.linkedin.com/jobs/view/asistente-de-operaciones-rac-at-grupo-recasur-4435882929,Asistente de Operaciones RAC,,scraped,2026-07-07T01:32:37.796478,
ebeadd93ea11d903,https://cl.linkedin.com/jobs/view/ito-residente-por-proyecto-iquique-at-dfv-ingenier%C3%ADa-y-gesti%C3%B3n-4436408464,ITO Residente (Por Proyecto) - Iquique,,scraped,2026-07-07T01:32:46.246956,
1bb63495d83513ac,https://cl.linkedin.com/jobs/view/regional-safety-manager-latam-dcc-communities-at-amazon-web-services-aws-4435336949,"Regional Safety Manager - LATAM, DCC Communities",Amazon Web Services (AWS),posted,2026-07-07T01:33:04.407534,130
791eaa245bec469a,https://cl.linkedin.com/jobs/view/communications-lead-americas-at-inchcape-am%C3%A9ricas-4437477664,Communications Lead - Americas,,scraped,2026-07-07T01:33:07.168389,
1eef5f06d0e84c85,https://cl.linkedin.com/jobs/view/cajero-a-bancario-ft40-horas-temuco-at-banco-falabella-4428308262,"Cajero/a Bancario, FT40 horas Temuco.",,scraped,2026-07-07T01:34:18.506725,
5b74263cf377b9af,https://cl.linkedin.com/jobs/view/reemplazo-promo-reponedor-para-ferreter%C3%ADas-ruta-temuco-y-villarrica-at-touch-latam-chile-4436126592,Reemplazo Promo reponedor para Ferreterías ruta Temuco y villarrica,,scraped,2026-07-07T01:34:25.119768,
abb0b792c6ec0087,https://cl.linkedin.com/jobs/view/mandataire-judiciaire-%C3%A0-la-protection-des-majeurs-service-juridique-h-f-%E2%80%93-cdd-12-mois-n%C3%AEmes-%E2%80%93-30-gard-at-udaf-union-d%C3%A9partementale-des-associations-familiales-4436028556,"Mandataire judiciaire à la protection des majeurs, Service Juridique H/F – CDD 12 mois (Nîmes – 30.Gard)",,scraped,2026-07-07T01:34:33.456538,
539461bc79b1c175,https://cl.linkedin.com/jobs/view/operador-a-maquinaria-forestal-clasificado-zona-chill%C3%A1n-at-arauco-4374121566,Operador/a Maquinaria Forestal Clasificado- Zona Chillán,ARAUCO,posted,2026-07-07T01:34:54.007905,132
d9b1742b8a9c507b,https://cl.linkedin.com/jobs/view/operador-hotelero-recepcionista-at-hotel-palmas-de-la-serena-4436406508,Operador Hotelero - Recepcionista,,scraped,2026-07-07T01:34:56.708710,
79cee97d15f11384,https://cl.linkedin.com/jobs/view/cajero-a-servicio-clientes-calama-at-banco-bci-4437469068,Cajero/a Servicio Clientes - Calama,,scraped,2026-07-07T01:35:07.005649,
c598cefb20e82a7e,https://cl.linkedin.com/jobs/view/docente-programa-extracurricular-voleibol-sede-antonio-varas-jornada-diurna-duoc-uc-at-duoc-uc-4437462629,Docente - Programa Extracurricular - Voleibol - Sede Antonio Varas - Jornada Diurna - Duoc UC,Duoc UC,posted,2026-07-07T01:35:21.278341,134
6132e591d8cd7c28,https://cl.linkedin.com/jobs/view/asistente-de-trato-directo-atd-%E2%80%93-turnos-3x3-residencia-santa-bernardita-at-ong-pather-nostrum-4436799163,Asistente de Trato Directo (ATD) – Turnos 3x3  Residencia Santa Bernardita,,scraped,2026-07-07T01:35:23.972095,
7c1c5c4980ba64ec,https://cl.linkedin.com/jobs/view/programador-a-de-obra-at-salfacorp-4435824184,Programador/a de Obra,SalfaCorp,posted,2026-07-07T01:35:41.187800,136
25d27b29d2bda503,https://cl.linkedin.com/jobs/view/operario-segregador-quilpu%C3%A9-at-talents-4436782961,Operario Segregador Quilpué,,scraped,2026-07-07T01:35:43.832657,
b74f9b85bb40ba82,https://cl.linkedin.com/jobs/view/coordinador-turno-aseo-estaci%C3%B3n-central-at-selecci%C3%B3n-gtp-4436141109,Coordinador Turno Aseo Estación Central,Selección GTP,posted,2026-07-07T01:35:59.235364,138
04dae8ec2527137b,https://cl.linkedin.com/jobs/view/vigilantes-at-ripley-chile-4433999090,Vigilantes,Ripley Chile,posted,2026-07-07T01:36:11.547560,140
521aa86e2d51c973,https://cl.linkedin.com/jobs/view/cyber-threat-intelligence-analyst-latam-at-group-ib-4435828052,Cyber Threat Intelligence Analyst - LATAM,,scraped,2026-07-07T01:36:14.310561,
8adb9770e9c48615,https://cl.linkedin.com/jobs/view/tfa-steam-turbine-alstom-at-fieldcore-4424804886,TFA - Steam Turbine Alstom,,scraped,2026-07-07T01:36:21.229518,
bdea54d19e129aea,https://cl.linkedin.com/jobs/view/m%C3%A9dico-general-at-achs-salud-4432713861,Médico general,,scraped,2026-07-07T01:36:28.608741,
5ff670cc95c78d76,https://cl.linkedin.com/jobs/view/asistente-prevenci%C3%B3n-de-riesgos-at-ayesa-engineering-4437198976,Asistente Prevención de Riesgos,,scraped,2026-07-07T01:36:43.424996,
56414a676bcebdd2,https://cl.linkedin.com/jobs/view/programador-a-de-taller-at-united-pipeline-systems-inc-4437481685,Programador/a de Taller,"United Pipeline Systems, Inc.",posted,2026-07-07T01:37:41.657408,142
10d22e03c11bff0c,https://cl.linkedin.com/jobs/view/operario-de-bodega-at-sci-inema-4436401669,operario de bodega,SCI INEMA,posted,2026-07-07T01:38:23.312629,64
af8a168ccc44227d,https://cl.linkedin.com/jobs/view/l%C3%ADder-de-tienda-talca-at-la-casa-de-las-carcasas-4436431081,Líder de Tienda / Talca,,scraped,2026-07-07T01:38:25.936686,
4c857f3d8a7507ae,https://cl.linkedin.com/jobs/view/musketeer-scout-antofagasta-at-red-bull-4436395911,Musketeer Scout Antofagasta,,scraped,2026-07-07T01:38:33.053783,
bc0b8dc6a2e3ce77,https://cl.linkedin.com/jobs/view/garzones-hotel-restaurant-eventos-at-hotelera-austral-santiago-spa-4436416118,Garzones Hotel Restaurant-Eventos,,scraped,2026-07-07T01:38:39.672422,
c9c8215a03066f1e,https://cl.linkedin.com/jobs/view/ingeniero-de-soporte-terreno-at-ssab-4435313263,Ingeniero de Soporte Terreno,,scraped,2026-07-07T01:38:53.129731,
3d5579d667994c54,https://cl.linkedin.com/jobs/view/mining-service-manager-chile-at-komatsu-4436404986,Mining Service Manager - Chile,,scraped,2026-07-07T01:38:59.688356,
b3d4702a8c4da2d0,https://cl.linkedin.com/jobs/view/ito-ablandamiento-de-aguas-idiem-at-idiem-4435892696,ITO Ablandamiento de aguas - IDIEM,,scraped,2026-07-07T01:39:06.970351,
d43c77ba4fbe0587,https://cl.linkedin.com/jobs/view/psic%C3%B3logo-a-at-corporaci%C3%B3n-ideco-4436977062,Psicólogo(a),,scraped,2026-07-07T01:39:21.238722,
9f26a899c3000e8a,https://cl.linkedin.com/jobs/view/product-manager-at-atrys-chile-4436781377,Product Manager,,scraped,2026-07-07T01:40:48.151064,
09592638c9e7dc1c,https://cl.linkedin.com/jobs/view/supervisor-a-de-seguridad-cd-lo-aguirre-pudahuel-at-sangmyung-university-4436794238,Supervisor(a) de Seguridad - CD Lo Aguirre (Pudahuel),상명대학교,posted,2026-07-07T01:41:07.561494,144
0cb373279384938c,https://cl.linkedin.com/jobs/view/sales-manager-latam-at-sunpure-4435539736,Sales Manager LATAM,,scraped,2026-07-07T01:41:10.274534,
447b6e0503a37340,https://cl.linkedin.com/jobs/view/executive-assistant-us-startup-at-scale-up-recruiting-partners-4435783271,Executive Assistant - US StartUp,Scale Up Recruiting Partners,posted,2026-07-07T01:41:32.769245,146
c711fd5256c0602f,https://cl.linkedin.com/jobs/view/auxiliar-de-aseo-residencia-maipu-at-fundaci%C3%B3n-talita-kum-4436792379,AUXILIAR DE ASEO - RESIDENCIA MAIPU,,scraped,2026-07-07T01:41:35.469536,
4aef239484a65c7e,https://cl.linkedin.com/jobs/view/analista-de-cumplimiento-documental-at-blue-express-4431979550,Analista de Cumplimiento Documental,,scraped,2026-07-07T01:42:20.538464,
47d61c323bc75d97,https://www.linkedin.com/jobs/view/8169/,"1,000+Plant Director Jobs in United States",,failed|wp_post_failed,2026-07-07T01:42:28.762919,
ba5c7883089048e9,https://cl.linkedin.com/jobs/view/analista-de-cumplimiento-aml-pla-ft-at-bc-tecnolog%C3%ADa-4436398779,Analista de Cumplimiento AML  PLA FT,,scraped,2026-07-07T01:42:31.447044,
4cf44bc37836c351,https://cl.linkedin.com/jobs/view/instalador-de-l%C3%ADnea-at-arauco-4435369648,Instalador de Línea,ARAUCO,posted,2026-07-07T01:42:48.279033,148
d662fcb9f43b4506,https://cl.linkedin.com/jobs/view/asesor-de%E2%80%AFprevenci%C3%B3n-de-riesgos-laborales%E2%80%AF-junior%E2%80%AF%C2%A0-at-abbott-4432889032,Asesor de Prevención de Riesgos Laborales - Junior,,scraped,2026-07-07T01:42:51.083027,
1c9e037f93676237,https://cl.linkedin.com/jobs/view/bodeguero-a-casino-de-alimentaci%C3%B3n-colectiva-quinta-normal-at-aliservice-4436407481,Bodeguero/a (Casino de Alimentación Colectiva) - Quinta Normal,,scraped,2026-07-07T01:43:27.448622,
9ece0919bae3c734,https://cl.linkedin.com/jobs/view/freelance-grabaci%C3%B3n-de-tareas-cotidianas-para-proyecto-de-ia-at-toloka-annotators-4435122659,Freelance: grabación de tareas cotidianas para proyecto de IA,,scraped,2026-07-07T01:43:35.744042,
fe6533362a10e0c4,https://cl.linkedin.com/jobs/view/ayudantes-de-cocina-20-hrs-at-chicken-love-you-4436799166,Ayudantes de Cocina 20 hrs,,scraped,2026-07-07T01:43:50.650640,
98e34c40abdaf9cf,https://cl.linkedin.com/jobs/view/guest-service-officer-at-royal-caribbean-group-4435573862,Guest Service Officer,,scraped,2026-07-07T01:43:56.809301,
1442e5c0b6929e1d,https://cl.linkedin.com/jobs/view/inspector-a-t%C3%A9cnico-a-de-obras-retail-supermercado-puente-alto-at-dfv-ingenier%C3%ADa-y-gesti%C3%B3n-4436397875,Inspector(a) Técnico(a) de Obras (Retail/Supermercado) - Puente Alto,,scraped,2026-07-07T01:44:10.785198,
3b2ac85879338c2c,https://cl.linkedin.com/jobs/view/analista-control-de-gesti%C3%B3n-agua-rm-at-sacyr-4426925998,Analista Control de Gestión (Agua - RM),SACYR,posted,2026-07-07T01:45:03.476575,150
e7d162cf495eb662,https://cl.linkedin.com/jobs/view/analista-riesgo-financiero-foco-riesgo-de-credito-at-afp-modelo-4435899397,Analista riesgo financiero (foco riesgo de credito),,scraped,2026-07-07T01:45:06.139366,
9d4a858379a97de4,https://cl.linkedin.com/jobs/view/operador-a-planta-concentradora-at-teck-resources-limited-4433139372,Operador/a Planta Concentradora,,scraped,2026-07-07T01:45:13.141023,
cfe4b2e126da0802,https://cl.linkedin.com/jobs/view/especialista-senior-en-construcci%C3%B3n-civil-proyecto-minero-at-fda-ingenieros-4435898541,Especialista Senior en Construcción Civil / Proyecto Minero,,scraped,2026-07-07T01:45:20.256035,
462d09f5f038a6b1,https://cl.linkedin.com/jobs/view/conductor-a5-carga-peligrosa-lampa-at-transportes-santa-sof%C3%ADa-4436414256,CONDUCTOR A5 CARGA PELIGROSA LAMPA,,scraped,2026-07-07T01:45:26.678937,
6fc7b8aaf4de2228,https://cl.linkedin.com/jobs/view/jefe-a-de-tienda-membres%C3%ADas-y-desarrollo-comercial-at-hr-profile-4435890698,Jefe/a de Tienda (Membresías y Desarrollo Comercial),,scraped,2026-07-07T01:45:34.032728,
206205ab17c47d99,https://cl.linkedin.com/jobs/view/asesor-a-de-cliente-media-jornada-30-hrs-5x2-falabella-vi%C3%B1a-del-mar-centro-at-falabella-4436166107,Asesor/a de Cliente / Media Jornada 30 Hrs. 5x2 / Falabella Viña del Mar Centro,,scraped,2026-07-07T01:45:41.388884,
aaa9a43f6862c4b0,https://cl.linkedin.com/jobs/view/analista-de-mejora-continua-las-condes-at-abastible-s-a-4433983213,"Analista de Mejora Continua, Las Condes.",,scraped,2026-07-07T01:45:47.987044,
0271271ee66fb2b0,https://cl.linkedin.com/jobs/view/coordinador-de-servicios-at-avos-tech-chile-4436900795,Coordinador de Servicios,AVOS Tech | Chile,posted,2026-07-07T01:46:07.392556,152
6831860362454102,https://cl.linkedin.com/jobs/view/ingeniero-o-m-pext-at-servicios-de-telecomunicaciones-olitel-4435404075,Ingeniero O&M PEXT,,scraped,2026-07-07T01:46:10.146264,
da33ab2599245854,https://cl.linkedin.com/jobs/view/pintor-industrial-metalmec%C3%A1nica-at-petricio-industrial-s-a-4436101212,Pintor Industrial (Metalmecánica),Petricio Industrial S.A.,posted,2026-07-07T01:46:28.624476,154
63cca6e546ca3ae8,https://cl.linkedin.com/jobs/view/operador-cami%C3%B3n-tolva-20-m3-at-metalmec%C3%A1nica-4435892698,Operador Camión Tolva 20 m3,,scraped,2026-07-07T01:46:31.281125,
6dc850e25502143d,https://cl.linkedin.com/jobs/view/supervisor-a-patio-de-lavado-de-buses-estaci%C3%B3n-central-at-selecci%C3%B3n-gtp-4436902737,Supervisor/a Patio de Lavado de Buses: Estación Central,Selección GTP,posted,2026-07-07T01:46:47.312369,156
8eda318b45724df4,https://cl.linkedin.com/jobs/view/software-engineer-at-fingo-4436426026,Software Engineer,,scraped,2026-07-07T01:46:50.042384,
8578bbe500a1096b,https://cl.linkedin.com/jobs/view/ingeniero-de-proyectos-senior-at-proingesa-cl-4436969337,Ingeniero de Proyectos Senior,,scraped,2026-07-07T01:46:56.880176,
4a9c380a6aa8288a,https://cl.linkedin.com/jobs/view/brand-manager-at-abastible-s-a-4432793819,Brand Manager,,scraped,2026-07-07T01:47:06.047928,
570f908f7d2101a3,https://cl.linkedin.com/jobs/view/asesor-a-de-calidad-at-sodexo-4437485565,Asesor(a) de Calidad,,scraped,2026-07-07T01:47:13.946789,
b1ea2ff47863ac5b,https://cl.linkedin.com/jobs/view/oproepkracht-bediening-at-landgoed-kasteel-de-hoogenweerth-4437156873,Oproepkracht Bediening,,scraped,2026-07-07T01:47:20.787536,
6d817c173d229bfb,https://cl.linkedin.com/jobs/view/experto-en-gesti%C3%B3n-de-contratos-at-ayesa-engineering-4435308745,Experto en Gestión de Contratos,,scraped,2026-07-07T01:47:28.693942,
652064ce8ba58b9e,https://cl.linkedin.com/jobs/view/endoscopista-at-laboratorios-m%C3%A9dicos-santiago-centro-4435895638,Endoscopista,,scraped,2026-07-07T01:47:51.534961,
7bf0a5cb55723ab5,https://cl.linkedin.com/jobs/view/r-developer-with-life-science-background-at-jobgether-4432379588,R Developer with Life Science Background,,scraped,2026-07-07T01:47:59.224053,
87f58880522fabf7,https://cl.linkedin.com/jobs/view/administrador-a-de-tienda-fork-at-fork-chile-4435886801,Administrador/a de Tienda - Fork,,scraped,2026-07-07T01:48:05.777973,
a24b665caf930fd2,https://cl.linkedin.com/jobs/view/analista-custodia-middle-office-at-afp-planvital-4435895602,Analista Custodia Middle Office,AFP PlanVital,posted,2026-07-07T01:48:22.514894,158
323cd03e59e1ff54,https://cl.linkedin.com/jobs/view/business-development-manager-at-mst-global-4433703965,Business Development Manager,,scraped,2026-07-07T01:48:25.295910,
80998b294abebccb,https://cl.linkedin.com/jobs/view/freelance-chatbot-developer-whatsapp-telegram-discord-at-mindrift-4436730713,Freelance Chatbot Developer (WhatsApp / Telegram / Discord),,scraped,2026-07-07T01:48:32.801726,
caf5c4c3fd7906e8,https://cl.linkedin.com/jobs/view/t%C3%A9cnico-a-mec%C3%A1nicos-as-copiapo-la-serena-iquique-at-fluitek-4436956919,Técnico (a) Mecánicos (as) COPIAPO-LA SERENA.IQUIQUE,Fluitek,posted,2026-07-07T01:49:00.253752,160
fe6427e60ff18331,https://cl.linkedin.com/jobs/view/estrategia-gobierno-y-comunicaci%C3%B3n-at-banco-bci-4436465390,"Estrategia, Gobierno y Comunicación",,scraped,2026-07-07T01:49:02.979745,
97a2b9c5250a72c6,https://cl.linkedin.com/jobs/view/%F0%9F%9A%80-senior-web-digital-project-manager-%F0%9F%92%B0-clp-46-653-600-%E2%80%93-clp-61-816-020-yearly-%F0%9F%93%8D-remote-chile-at-superstars-4437184830,"🚀 Senior Web & Digital Project Manager 💰 CLP 46,653,600 – CLP 61,816,020 /Yearly 📍 Remote | Chile",,scraped,2026-07-07T01:49:09.544258,
3fbfcbdc0f4234aa,https://cl.linkedin.com/jobs/view/digitador-central-de-pedidos-at-sph-ltd-4435899399,Digitador Central de Pedidos,SPH Ltd.,posted,2026-07-07T01:49:44.585545,162
443c0460a1c3c894,https://cl.linkedin.com/jobs/view/product-manager-medios-de-pago-at-banco-ripley-chile-4437465847,Product Manager Medios de Pago,Banco Ripley Chile,posted,2026-07-07T01:49:54.611179,164
a59e97c667cf1e89,https://cl.linkedin.com/jobs/view/asesor-a-de-clientes-pt-20-syd-americanino-plaza-ega%C3%B1a-at-falabella-4409067412,Asesor/a de Clientes PT 20 SyD Americanino Plaza Egaña.,,scraped,2026-07-07T01:49:57.317604,
5feb232294ffd923,https://cl.linkedin.com/jobs/view/customer-success-specialist-gerencia-walmart-digital-at-walmart-chile-4436361228,"Customer Success Specialist, Gerencia Walmart Digital",,scraped,2026-07-07T01:50:05.961884,
49f68132b4317499,https://cl.linkedin.com/jobs/view/ingeniero-a-de-productos-antofagasta-at-melon-s-a-4436962597,Ingeniero/a de Productos - Antofagasta,,scraped,2026-07-07T01:50:13.283827,
e0cf58bf3daaa3d4,https://cl.linkedin.com/jobs/view/research-scientist-remote-us-latam-at-anyone-ai-4437447979,Research Scientist (Remote/US/LATAM),Anyone AI,posted,2026-07-07T01:50:29.929333,166
db85012c3da4b15e,https://cl.linkedin.com/jobs/view/finance-business-partner-senior-at-afp-planvital-4436959733,Finance Business Partner Senior,AFP PlanVital,posted,2026-07-07T01:50:41.856805,168
5cd27ea21721cead,https://cl.linkedin.com/jobs/view/buscamos-un-coach-de-telemarketing-con-sede-en-santiago%21-at-clent-4436790465,Buscamos un Coach de Telemarketing con sede en Santiago!,,scraped,2026-07-07T01:50:44.560988,
8dc8125fb749f523,https://cl.linkedin.com/jobs/view/promotor-de-merchandising-rs-at-din%C3%A2mica-4433767311,Promotor de Merchandising - RS,,scraped,2026-07-07T01:50:51.839114,
5711e2ea83d6ccfe,https://cl.linkedin.com/jobs/view/record-your-daily-routine-get-paid-ai-training-remote-at-toloka-annotators-4435162895,Record Your Daily Routine & Get Paid - AI Training (Remote),,scraped,2026-07-07T01:50:58.264138,
4dddfb4a63865ab6,https://cl.linkedin.com/jobs/view/ayudante-armador-de-plantas-de-tratamiento-de-agua-quilicura-at-relix-water-4436713663,Ayudante Armador de Plantas de Tratamiento de Agua/ Quilicura,,scraped,2026-07-07T01:51:17.121840,
d367917c1d656e76,https://cl.linkedin.com/jobs/view/creador-a-de-contenido-pov-para-ia-remoto-at-toloka-annotators-4435160091,Creador(a) de Contenido POV para IA - Remoto,,scraped,2026-07-07T01:51:25.384865,
59d14accbd68ae4c,https://cl.linkedin.com/jobs/view/profesional-de-apoyo-domiciliario-vivienda-primero-valdivia-to-at-fundaci%C3%B3n-educere-4436795213,Profesional de apoyo domiciliario Vivienda Primero Valdivia (TO),,scraped,2026-07-07T01:51:41.501867,
4d7a7fd863233670,https://cl.linkedin.com/jobs/view/ejecutivo-a-integral-providencia-at-banco-bci-4436101278,Ejecutivo/a Integral - Providencia,,scraped,2026-07-07T01:51:49.000389,
33788d4d01246f00,https://cl.linkedin.com/jobs/view/analista-monitoreo-datos-anti-fraude-at-cmpc-4436110323,Analista Monitoreo Datos Anti Fraude,,scraped,2026-07-07T01:51:55.629324,
f348cf815a8acf9c,https://cl.linkedin.com/jobs/view/supervisor-de-estacionamiento-full-time-mall-plaza-calama-at-esencial-staff-4436780920,Supervisor de Estacionamiento Full Time Mall Plaza Calama,Esencial Staff,posted,2026-07-07T01:52:47.091434,170
fe79657084535e2c,https://cl.linkedin.com/jobs/view/category-manager-vestuario-infantil-at-falabella-retail-group-4436435325,Category Manager Vestuario Infantil,Falabella Retail Group,posted,2026-07-07T01:52:59.404661,172
d27e0334feb06e96,https://cl.linkedin.com/jobs/view/analista-leasing-at-ita%C3%BA-chile-4435346079,Analista Leasing,,scraped,2026-07-07T01:53:02.010799,
07d85df7b2260d6c,https://cl.linkedin.com/jobs/view/ingeniero-a-senior-confiabilidad-mantenci%C3%B3n-procesamiento-at-lundin-mining-corporation-4435345534,Ingeniero(a) Senior Confiabilidad Mantención Procesamiento,,scraped,2026-07-07T01:53:08.670967,
76ef73d0b3617596,https://cl.linkedin.com/jobs/view/cuidadores-adulto-mayor-curico-at-fundaci%C3%B3n-las-rosas-4436416117,Cuidadores Adulto Mayor- Curico,,scraped,2026-07-07T01:53:15.538406,
f0587d5516220ad6,https://cl.linkedin.com/jobs/view/analista-gesti%C3%B3n-de-calidad-quilicura-at-prosud-s-a-4436414222,Analista Gestión de Calidad - Quilicura,,scraped,2026-07-07T01:53:23.348969,
e9c338af66c6e563,https://cl.linkedin.com/jobs/view/puestos-vacantes-ingeniera-o-confiabilidad-mantenimiento-mina-20173-at-grupo-antofagasta-minerals-4414920134,Puestos vacantes: Ingeniera(o) Confiabilidad Mantenimiento Mina (20173),,scraped,2026-07-07T01:53:34.585399,
b8bf1263a979bb1f,https://cl.linkedin.com/jobs/view/analista-de-riesgos-grandes-empresas-at-banco-de-chile-4436736572,Analista de Riesgos - Grandes Empresas,,scraped,2026-07-07T01:53:43.568014,
192cf989a58ebc8d,https://cl.linkedin.com/jobs/view/ingeniero-a-de-proyectos-y-licitaciones-at-empresa-confidencial-4436421074,Ingeniero(a) de Proyectos y Licitaciones,Empresa Confidencial,posted,2026-07-07T01:53:57.846259,174
1d3b77327f434320,https://cl.linkedin.com/jobs/view/abogado-a-santiago-reemplazo-pre-post-natal-%E2%80%93-idiem-universidad-de-chile-at-idiem-4436408469,"Abogado/a, Santiago (reemplazo pre-post natal)– Idiem, Universidad de Chile",,scraped,2026-07-07T01:54:00.583287,
bc0d79565d4bbc5d,https://cl.linkedin.com/jobs/view/profesor-a-ed-b%C3%A1sica-m%C3%BAltiples-menciones-1ro-b%C3%A1sico-at-alumni-uah-4436964509,"Profesor/a Ed. Básica - Múltiples menciones, 1ro básico",,scraped,2026-07-07T01:54:09.671852,
b97b65fe162955bb,https://cl.linkedin.com/jobs/view/analista-sustentabilidad-corporativo-at-empresa-confidencial-4436256868,Analista Sustentabilidad Corporativo,Empresa Confidencial,posted,2026-07-07T01:54:24.014970,176
3d19157b03517662,https://cl.linkedin.com/jobs/view/jefe-de-sucursal-arica-at-bancrece-4436976140,Jefe de Sucursal - Arica,,scraped,2026-07-07T01:54:26.620913,
b0640d10ff946108,https://cl.linkedin.com/jobs/view/analista-contable-rm-at-sacyr-4426937056,Analista Contable (RM),SACYR,posted,2026-07-07T01:55:19.002128,178
3ec6a364dfd3a698,https://cl.linkedin.com/jobs/view/t%C3%A9cnico-el%C3%A9ctrico-mec%C3%A1nico-o-electromec%C3%A1nico-at-cruz-del-sur-4436973253,"Técnico Eléctrico, Mecánico o Electromecánico",,scraped,2026-07-07T01:55:21.600063,
85abc0065d69f623,https://cl.linkedin.com/jobs/view/it-admin-at-heyclue-4437487155,IT Admin,HeyClue,posted,2026-07-07T01:55:36.085964,180
69bd889c94d330a6,https://cl.linkedin.com/jobs/view/empresa-constructora-necesita-administrativo-a-de-obra-1-2-dia-at-constructora-3l-4437109711,EMPRESA CONSTRUCTORA NECESITA ADMINISTRATIVO (A) DE OBRA 1/2 dia,Constructora 3L,posted,2026-07-07T01:55:46.016689,182
d7cc16a8cf7edb59,https://cl.linkedin.com/jobs/view/guardia-de-seguridad-part-time-curso-os10-al-d%C3%ADa-fantasilandia-at-fantasilandia-4435898540,Guardia de Seguridad Part Time - Curso OS10 Al día Fantasilandia,,scraped,2026-07-07T01:55:48.624725,
26b07d9f0a6f863d,https://cl.linkedin.com/jobs/view/tecnico-en-detecci%C3%B3n-y-extinci%C3%B3n-de-incendios-at-incognito-4436780937,TECNICO EN DETECCIÓN Y EXTINCIÓN DE INCENDIOS,Incognito,posted,2026-07-07T01:56:20.626497,184
dcfb3a7dd46fe3fb,https://cl.linkedin.com/jobs/view/demandes-de-stages-at-na%21-cr%C3%A8ches-inter-entreprises-4435814310,Demandes de stages,,scraped,2026-07-07T01:56:23.325391,
c95900c988b272fc,https://cl.linkedin.com/jobs/view/especialista-senior-estimador-de-recursos-7042-39-regi%C3%B3n-de-coquimbo-at-r-q-ingenier%C3%ADa-4433110491,Especialista Senior Estimador de recursos 7042-39 Región de Coquimbo,,scraped,2026-07-07T01:56:35.108254,
3f2776bf8b924851,https://cl.linkedin.com/jobs/view/vendedor-a-contactabilidad-ft-hc-copiap%C3%B3-at-sodimac-4416410074,"Vendedor/a Contactabilidad, FT, HC Copiapó",,scraped,2026-07-07T01:56:42.144372,
e871cbaa4360674b,https://cl.linkedin.com/jobs/view/domestic-assistant-weekend-aa-at-nhs-ayrshire-arran-4431956834,Domestic Assistant (Weekend) AA,,scraped,2026-07-07T01:56:48.731464,
4653242eac3d8ad4,https://cl.linkedin.com/jobs/view/ingeniero-de-proyectos-at-p-a-consulting-ltda-4433115633,Ingeniero de Proyectos,,scraped,2026-07-07T01:56:57.373091,
933224527de0421e,https://cl.linkedin.com/jobs/view/ejecutivo-a-integral-part-time-sab-y-dom-cmr-el-tr%C3%A9bol-at-banco-falabella-4436798188,"Ejecutivo/a Integral, Part Time Sab y Dom, CMR El Trébol",,scraped,2026-07-07T01:57:06.198612,
e4eb852b5570fa53,https://cl.linkedin.com/jobs/view/vendedor-a-de-oficina-ft-42hrs-shc-copiap%C3%B3-at-sodimac-4437110717,"Vendedor/a de Oficina, FT 42HRS, SHC Copiapó",,scraped,2026-07-07T01:57:12.676114,
12b79e81dcf183cb,https://cl.linkedin.com/jobs/view/asistente-de-m%C3%A1quina-bobinadora-acelli-at-essity-4423184210,Asistente de Máquina Bobinadora (Acelli),,scraped,2026-07-07T01:57:19.129718,
9fd484b26b8bf692,https://cl.linkedin.com/jobs/view/lider-de-relaciones-laborales-at-viggo-4436797912,Lider de Relaciones Laborales,,scraped,2026-07-07T01:57:26.948982,
f0696ff13127daa7,https://cl.linkedin.com/jobs/view/maintenance-technician-at-alstom-4429491637,Maintenance Technician,,scraped,2026-07-07T01:57:45.416958,
7329e248d007f606,https://cl.linkedin.com/jobs/view/asesor-prevenci%C3%B3n-de-riesgos-at-hri-s-a-4433974710,Asesor Prevención de Riesgos,HRI S.A.,posted,2026-07-07T01:58:26.505773,186
5c18f920861a99b9,https://cl.linkedin.com/jobs/view/ayudante-de-cocina-quilicura-at-fork-chile-4436101208,Ayudante de Cocina - Quilicura,,scraped,2026-07-07T01:58:29.179953,
1f4522a9d9e4b461,https://cl.linkedin.com/jobs/view/jefe-a-excursiones-para-importante-hotel-en-patagonia-chilena-at-puerino-rrhh-4437406118,Jefe/a Excursiones para Importante Hotel en Patagonia Chilena.,,scraped,2026-07-07T01:58:35.473096,
e75202e728d10431,https://cl.linkedin.com/jobs/view/instrumentador-a-quir%C3%BArgica-at-baxter-international-inc-4432773988,Instrumentador(a) Quirúrgica,Baxter International Inc.,posted,2026-07-07T01:59:30.953812,188
e5ff1f746499db51,https://cl.linkedin.com/jobs/view/t%C3%A9cnicos-de-mantenci%C3%B3n-ittec-la-negra-antofagasta-turno-7x7-d%C3%ADa-at-thiess-4427565927,"Técnicos de Mantención - ITTEC La Negra, Antofagasta (Turno 7x7 día)",,scraped,2026-07-07T01:59:33.567798,
a1e5d7108d6b62da,https://cl.linkedin.com/jobs/view/administrativo-de-compras-equipamiento-m%C3%A9dico-at-altia-4437449525,Administrativo de compras- Equipamiento médico,,scraped,2026-07-07T01:59:41.156760,
4686c2924db361d2,https://www.linkedin.com/jobs/view/2371127/,COMPRADOR OU COMPRADORA DE SUCATAS INDUSTRIAIS,ROMET METALS,posted,2026-07-07T01:59:54.060665,190
d2075083990347f4,https://cl.linkedin.com/jobs/view/mec%C3%A1nico-industrial-at-grupo-bocel-4436206778,MECÁNICO INDUSTRIAL,,scraped,2026-07-07T01:59:56.796528,
35e5d6fe541c517d,https://cl.linkedin.com/jobs/view/ejecutiva-o-de-negocios-%E2%80%93-zona-norte-at-rapid-test-chile-4436975150,Ejecutiva(o) de Negocios – Zona Norte,,scraped,2026-07-07T02:00:04.055429,
7d35aba0a066fc7f,https://cl.linkedin.com/jobs/view/facility-manager-at-beijing-foreign-enterprise-management-consultants-co-ltd-4431161195,Facility Manager,"Beijing Foreign Enterprise Management Consultants Co.,Ltd.",posted,2026-07-07T02:00:17.813715,192
c9851a29f2098dc6,https://cl.linkedin.com/jobs/view/ayudante-para-tendido-de-fibra-optica-sin-experiencia-regi%C3%B3n-metropolitana-at-telrad-chile-s-a-4437492456,Ayudante para Tendido de Fibra Optica / Sin Experiencia / Región Metropolitana,Telrad Chile S.A.,posted,2026-07-07T02:00:27.470676,194
ea6a0051f32068ec,https://cl.linkedin.com/jobs/view/creador-a-de-contenido-pov-para-ia-remoto-at-toloka-annotators-4435156077,Creador(a) de Contenido POV para IA - Remoto,,scraped,2026-07-07T02:00:30.389390,
dc60c8705a5a1373,https://cl.linkedin.com/jobs/view/subgerente-comercial-para-empresa-las-torres-patagonia-at-puerino-rrhh-4436737171,Subgerente Comercial para Empresa Las Torres Patagonia,,scraped,2026-07-07T02:00:55.237487,
bbbfd85adab284aa,https://cl.linkedin.com/jobs/view/asistente-de-producci%C3%B3n-y-log%C3%ADstica-la-f%C3%A1brica-de-caf%C3%A9-at-cencosud-s-a-4434926610,Asistente de Producción y Logística La Fábrica de Café.,,scraped,2026-07-07T02:01:03.560034,
59cad2ac1f85a22c,https://cl.linkedin.com/jobs/view/entry-level-software-developer-remote-at-hire-feed-4437197072,Entry Level Software Developer (Remote),,scraped,2026-07-07T02:01:10.524827,
192ed8f99f9bbef3,https://cl.linkedin.com/jobs/view/entry-level-software-developer-remote-at-hire-feed-4437178844,Entry Level Software Developer (Remote),,scraped,2026-07-07T02:01:41.246469,
40e2fb630577ef84,https://cl.linkedin.com/jobs/view/entry-level-software-developer-remote-at-hire-feed-4437178611,Entry Level Software Developer (Remote),,scraped,2026-07-07T02:01:52.162274,
14afbc0dd1f42a94,https://cl.linkedin.com/jobs/view/net-developer-remote-at-hire-feed-4437182687,NET Developer (Remote),,scraped,2026-07-07T02:02:31.118268,
5d24474095c2845b,https://cl.linkedin.com/jobs/view/auxiliar-de-farmacia-full-time-jumbo-el-belloto-at-cencosud-s-a-4436751773,Auxiliar de Farmacia Full Time - Jumbo El Belloto,,scraped,2026-07-07T02:02:45.834676,
53ea4fcbd132bad5,https://cl.linkedin.com/jobs/view/data-analyst-remote-at-hire-feed-4437178705,Data Analyst (Remote),Hire Feed,posted,2026-07-07T02:03:12.452937,196
2737fe060a8405ee,https://cl.linkedin.com/jobs/view/mid-level-cms-engineer-sanity-remote-latin-america-at-fullstack-4434625985,Mid-Level CMS Engineer (Sanity) - Remote - Latin America,FullStack,posted,2026-07-07T02:03:21.965949,198
ccff3f6127ec003d,https://cl.linkedin.com/jobs/view/ingeniero-especialista-en-calidad-b-l35-at-cyd-ingenier%C3%ADa-4416335881,Ingeniero Especialista en Calidad B L35,CyD Ingeniería,posted,2026-07-07T02:03:35.447908,200
f2a6eec3a76709f8,https://cl.linkedin.com/jobs/view/ingeniero-especialista-en-calidad-a-l35-at-cyd-ingenier%C3%ADa-4416356066,Ingeniero Especialista en Calidad A L35,CyD Ingeniería,posted,2026-07-07T02:03:47.872834,202
fd7f0a8a59558750,https://cl.linkedin.com/jobs/view/t%C3%A9cnico-a-b-at-finning-4437421042,Técnico(a) B,,scraped,2026-07-07T02:03:50.450243,
1909f497021cd3ef,https://cl.linkedin.com/jobs/view/jefe-de-ventas-agroinsumos-valparaiso-at-heyclue-4436466525,Jefe de Ventas Agroinsumos (Valparaiso),HeyClue,posted,2026-07-07T02:04:07.393074,204
fd7f46b3d02035b3,https://cl.linkedin.com/jobs/view/ingeniero-a-de-procesos-at-wood-4318181740,Ingeniero/a de procesos,Wood,posted,2026-07-07T02:04:21.410770,206
6e47a7026c8cfcf0,https://cl.linkedin.com/jobs/view/jefe-de-turno-rancagua-at-almar-water-servicios-latam-4435888759,Jefe de Turno / Rancagua,,scraped,2026-07-07T02:04:23.975541,
77667f9554eef102,https://cl.linkedin.com/jobs/view/ejecutivo-comercial-banca-personal-at-banco-de-chile-4434623962,Ejecutivo Comercial - Banca Personal,,scraped,2026-07-07T02:04:35.364724,
46bc7d8020854953,https://cl.linkedin.com/jobs/view/redactor-digital-creativo-at-rebold-4434628552,Redactor Digital Creativo,,scraped,2026-07-07T02:04:42.103194,
f581f95370f74b41,https://cl.linkedin.com/jobs/view/floater-telescope-operator-at-gemini-observatory-4435197614,Floater Telescope Operator,,scraped,2026-07-07T02:04:49.181991,
583f6368f6252289,https://cl.linkedin.com/jobs/view/coordinador-a-de-log%C3%ADstica-at-atkinsr%C3%A9alis-4434201340,Coordinador(a) de Logística,,scraped,2026-07-07T02:05:03.650319,
f563362d9a6401f4,https://cl.linkedin.com/jobs/view/business-analyst-at-abastible-s-a-4433713237,Business Analyst,,scraped,2026-07-07T02:05:10.863770,
